Бренд,Название продукта,Цена,Старая цена,Скидка,Комментарии
Lefami / ,Сыворотка / сыворотка для лица / от акне / против прыщей / от угрей / Acne Remover / 30мл, 1 292 ₽,2 340 ₽, -44%,42
SeaCare / ,Крем, 1 110 ₽,5 290 ₽, -79%,981
SeaCare / ,Крем, 900 ₽,4 290 ₽, -79%,757
SeaCare / ,Крем, 797 ₽,4 290 ₽, -81%,1119
SeaCare / ,Крем, 797 ₽,4 290 ₽, -81%,1005
SeaCare / ,Крем, 384 ₽,2 290 ₽, -83%,1322
SeaCare / ,Лосьон, 649 ₽,3 490 ₽, -81%,848
SeaCare / ,Крем, 774 ₽,3 690 ₽, -79%,923
SeaCare / ,Косметический набор для ухода, 2 320 ₽,12 890 ₽, -82%,325
SeaCare / ,Масло, 537 ₽,2 890 ₽, -81%,793
SeaCare / ,Сыворотка, 983 ₽,5 290 ₽, -81%,712
SeaCare / ,Косметический набор для ухода, 1 752 ₽,8 590 ₽, -79%,213
SeaCare / ,Сыворотка, 797 ₽,4 290 ₽, -81%,660
SeaCare / ,Косметический набор для ухода, 3 217 ₽,18 490 ₽, -82%,56
SeaCare / ,Крем, 686 ₽,3 690 ₽, -81%,620
SeaCare / ,Косметический набор для ухода, 2 860 ₽,15 890 ₽, -82%,152
SeaCare / ,Косметический набор для ухода, 3 290 ₽,17 190 ₽, -80%,145
GIGI / ,Крем, 3 321 ₽,4 464 ₽, -25%,38
SeaCare / ,Маска косметическая, 463 ₽,2 490 ₽, -81%,477
SeaCare / ,Бальзам после бритья, 649 ₽,3 490 ₽, -81%,242
SeaCare / ,Крем, 686 ₽,3 690 ₽, -81%,184
SeaCare / ,Скраб, 574 ₽,3 090 ₽, -81%,603
SeaCare / ,Скраб, 463 ₽,2 490 ₽, -81%,795
GIGI / ,Крем, 2 652 ₽,3 580 ₽, -25%,62
SeaCare / ,Косметический набор для ухода, 1 937 ₽,10 590 ₽, -81%,188
SeaCare / ,Сыворотка, 686 ₽,3 690 ₽, -81%,502
SeaCare / ,Крем, 797 ₽,4 290 ₽, -81%,183
SeaCare / ,Крем, 686 ₽,3 690 ₽, -81%,410
GIGI / ,Крем, 2 778 ₽,4 006 ₽, -30%,61
SeaCare / ,Сыворотка, 797 ₽,4 290 ₽, -81%,466
SeaCare / ,Косметический набор для ухода, 1 242 ₽,6 790 ₽, -81%,184
SeaCare / ,Косметический набор для ухода, 839 ₽,4 590 ₽, -81%,241
SeaCare / ,Косметический набор для ухода, 1 852 ₽,10 290 ₽, -82%,97
SeaCare / ,Сыворотка, 742 ₽,3 990 ₽, -81%,73
SeaCare / ,Маска косметическая, 983 ₽,5 290 ₽, -81%,181
SeaCare / ,Косметический набор для ухода, 1 996 ₽,11 090 ₽, -82%,150
GIGI / ,Тоник, 2 163 ₽,2 958 ₽, -26%,61
SeaCare / ,Косметический набор для ухода, 2 617 ₽,14 790 ₽, -82%,57
GIGI / ,Крем, 3 624 ₽,5 128 ₽, -29%,16
SeaCare / ,Шампунь, 611 ₽,3 290 ₽, -81%,583
Fresh Look / ,Дезодорант универсальный/шариковый, 1 140 ₽,1 408 ₽, -19%,50
GIGI / ,Мыло косметическое, 3 219 ₽,4 555 ₽, -29%,21
AHAVA / ,Крем, 968 ₽,1 199 ₽, -19%,120
GIGI / ,Маска косметическая, 2 610 ₽,3 523 ₽, -25%,46
SeaCare / ,Крем, 425 ₽,2 290 ₽, -81%,196
SeaCare / ,Крем, 742 ₽,3 990 ₽, -81%,79
SeaCare / ,Скраб, 522 ₽,2 490 ₽, -79%,12
SeaCare / ,Косметический набор для ухода, 2 320 ₽,12 890 ₽, -82%,145
SeaCare / ,Гель, 649 ₽,3 490 ₽, -81%,9
SeaCare / ,Гель, 686 ₽,3 690 ₽, -81%,43
Mon Platin DSM / ,Крем, 669 ₽,1 518 ₽, -55%,157
Dr. Sea / ,Крем, 981 ₽,4 220 ₽, -76%,116
GIGI / ,Крем, 3 931 ₽,5 155 ₽, -23%,6
COCOCHOCO / ,Шампунь, 1 324 ₽,2 582 ₽, -48%,65
GIGI / ,Крем, 5 336 ₽,6 751 ₽, -20%,8
SeaCare / ,Косметический набор для ухода, 1 352 ₽,7 390 ₽, -81%,33
Mon Platin DSM / ,Масло, 612 ₽,1 470 ₽, -58%,239
SeaCare / ,Косметический набор для ухода, 1 571 ₽,8 590 ₽, -81%,51
SeaCare / ,Косметический набор для ухода, 1 571 ₽,8 590 ₽, -81%,32
Mon Platin DSM / ,Соль для ванн, 463 ₽,1 183 ₽, -60%,175
SeaCare / ,Гель, 444 ₽,2 390 ₽, -81%,473
GIGI / ,Крем, 2 996 ₽,3 978 ₽, -24%,44
Dr. Sea / ,Маска косметическая, 1 053 ₽,5 200 ₽, -79%,43
SeaCare / ,Гель, 444 ₽,2 390 ₽, -81%,13
GIGI / ,Косметический набор для ухода, 8 315 ₽,10 644 ₽, -21%,18
GIGI / ,Маска косметическая, 2 667 ₽,3 554 ₽, -24%,48
SeaCare / ,Крем, 742 ₽,3 990 ₽, -81%,116
Mon Platin DSM / ,Дезодорант женский/для тела/от пота/стик, 404 ₽,970 ₽, -58%,231
SeaCare / ,Дезодорант мужской/шариковый/антибактериальный/без алюминия, 463 ₽,2 490 ₽, -81%,2
Mon Platin DSM / ,Шампунь, 689 ₽,1 760 ₽, -60%,192
GIGI / ,Крем, 3 624 ₽,5 128 ₽, -29%,27
Fresh Look / ,Дезодорант женский/шариковый, 1 140 ₽,1 408 ₽, -19%,51
DR.MUD / ,Косметический набор для ухода, 1 559 ₽,3 145 ₽, -50%,7
GIGI / ,Мыло косметическое, 2 650 ₽,3 445 ₽, -23%,20
SeaCare / ,Косметический набор для ухода, 1 096 ₽,5 990 ₽, -81%,89
inspired / ,Пилинг кислотный/осветляются пигментные пятна/пилинг лица, 1 536 ₽,7 350 ₽, -79%,15
SeaCare / ,Косметический набор для ухода, 1 242 ₽,6 790 ₽, -81%,166
SeaCare / ,Крем, 835 ₽,4 490 ₽, -81%,61
SeaCare / ,Крем, 425 ₽,2 290 ₽, -81%,44
GIGI / ,Крем, 4 374 ₽,5 807 ₽, -24%,27
GIGI / ,Лосьон, 2 345 ₽,3 125 ₽, -24%,31
SeaCare / ,Дезодорант женский/шариковый/антибактериальный/без алюминия, 522 ₽,2 490 ₽, -79%,3
Health & Beauty / ,Шампунь, 907 ₽,1 210 ₽, -25%,49
SeaCare / ,Сыворотка, 686 ₽,3 690 ₽, -81%,469
GIGI / ,Крем, 3 029 ₽,4 123 ₽, -26%,40
SeaCare / ,Шампунь, 611 ₽,3 290 ₽, -81%,126
SeaCare / ,Крем, 742 ₽,3 990 ₽, -81%,37
SeaCare / ,Сыворотка, 1 114 ₽,5 990 ₽, -81%,346
GIGI / ,CC-крем, 3 940 ₽,5 364 ₽, -26%,18
SEAMANTIKA / ,Косметический набор для ухода, 684 ₽,1 529 ₽, -55%,15
COCOCHOCO / ,Кондиционер для волос, 1 564 ₽,3 050 ₽, -48%,23
Mon Platin DSM / ,Дезодорант женский/стик, 406 ₽,1 038 ₽, -60%,134
SeaCare / ,Косметический набор для ухода, 3 600 ₽,20 690 ₽, -82%,15
GIGI / ,Крем, 3 596 ₽,4 834 ₽, -25%,22
Dr. Sea / ,Крем, 1 128 ₽,8 400 ₽, -86%,65
SeaCare / ,Косметический набор для ухода, 894 ₽,4 890 ₽, -81%,75
AHAVA / ,Крем, 1 893 ₽,2 848 ₽, -33%,55
SeaCare / ,Косметический набор для ухода, 3 478 ₽,19 990 ₽, -82%,12
GIGI / ,Гель, 4 107 ₽,5 386 ₽, -23%,18
SeaCare / ,Лосьон, 649 ₽,3 490 ₽, -81%,17
Mon Platin DSM / ,Дезодорант мужской/от пота/антибактериальное действие/стик/без алюминия и спирта/без алюминия, 381 ₽,974 ₽, -60%,74
Lefami / ,Сыворотка / сыворотка для лица / от акне / против прыщей / от угрей / Acne Remover / 30мл, 1 292 ₽,2 340 ₽, -44%,42
SeaCare / ,Крем, 1 110 ₽,5 290 ₽, -79%,981
SeaCare / ,Крем, 900 ₽,4 290 ₽, -79%,757
SeaCare / ,Крем, 797 ₽,4 290 ₽, -81%,1119
SeaCare / ,Крем, 797 ₽,4 290 ₽, -81%,1005
SeaCare / ,Крем, 384 ₽,2 290 ₽, -83%,1322
SeaCare / ,Лосьон, 649 ₽,3 490 ₽, -81%,848
SeaCare / ,Крем, 774 ₽,3 690 ₽, -79%,923
SeaCare / ,Косметический набор для ухода, 2 320 ₽,12 890 ₽, -82%,325
SeaCare / ,Масло, 537 ₽,2 890 ₽, -81%,793
SeaCare / ,Сыворотка, 983 ₽,5 290 ₽, -81%,712
SeaCare / ,Косметический набор для ухода, 1 752 ₽,8 590 ₽, -79%,213
SeaCare / ,Сыворотка, 797 ₽,4 290 ₽, -81%,660
SeaCare / ,Косметический набор для ухода, 3 217 ₽,18 490 ₽, -82%,56
SeaCare / ,Крем, 686 ₽,3 690 ₽, -81%,620
SeaCare / ,Косметический набор для ухода, 2 860 ₽,15 890 ₽, -82%,152
SeaCare / ,Косметический набор для ухода, 3 290 ₽,17 190 ₽, -80%,145
GIGI / ,Крем, 3 321 ₽,4 464 ₽, -25%,38
SeaCare / ,Маска косметическая, 463 ₽,2 490 ₽, -81%,477
SeaCare / ,Бальзам после бритья, 649 ₽,3 490 ₽, -81%,242
SeaCare / ,Крем, 686 ₽,3 690 ₽, -81%,184
SeaCare / ,Скраб, 574 ₽,3 090 ₽, -81%,603
SeaCare / ,Скраб, 463 ₽,2 490 ₽, -81%,795
GIGI / ,Крем, 2 652 ₽,3 580 ₽, -25%,62
SeaCare / ,Косметический набор для ухода, 1 937 ₽,10 590 ₽, -81%,188
SeaCare / ,Сыворотка, 686 ₽,3 690 ₽, -81%,502
SeaCare / ,Крем, 797 ₽,4 290 ₽, -81%,183
SeaCare / ,Крем, 686 ₽,3 690 ₽, -81%,410
GIGI / ,Крем, 2 778 ₽,4 006 ₽, -30%,61
SeaCare / ,Сыворотка, 797 ₽,4 290 ₽, -81%,466
SeaCare / ,Косметический набор для ухода, 1 242 ₽,6 790 ₽, -81%,184
SeaCare / ,Косметический набор для ухода, 839 ₽,4 590 ₽, -81%,241
SeaCare / ,Косметический набор для ухода, 1 852 ₽,10 290 ₽, -82%,97
SeaCare / ,Сыворотка, 742 ₽,3 990 ₽, -81%,73
SeaCare / ,Маска косметическая, 983 ₽,5 290 ₽, -81%,181
SeaCare / ,Косметический набор для ухода, 1 996 ₽,11 090 ₽, -82%,150
GIGI / ,Тоник, 2 163 ₽,2 958 ₽, -26%,61
SeaCare / ,Косметический набор для ухода, 2 617 ₽,14 790 ₽, -82%,57
GIGI / ,Крем, 3 624 ₽,5 128 ₽, -29%,16
SeaCare / ,Шампунь, 611 ₽,3 290 ₽, -81%,583
Fresh Look / ,Дезодорант универсальный/шариковый, 1 140 ₽,1 408 ₽, -19%,50
GIGI / ,Мыло косметическое, 3 219 ₽,4 555 ₽, -29%,21
AHAVA / ,Крем, 968 ₽,1 199 ₽, -19%,120
GIGI / ,Маска косметическая, 2 610 ₽,3 523 ₽, -25%,46
SeaCare / ,Крем, 425 ₽,2 290 ₽, -81%,196
SeaCare / ,Крем, 742 ₽,3 990 ₽, -81%,79
SeaCare / ,Скраб, 522 ₽,2 490 ₽, -79%,12
SeaCare / ,Косметический набор для ухода, 2 320 ₽,12 890 ₽, -82%,145
SeaCare / ,Гель, 649 ₽,3 490 ₽, -81%,9
SeaCare / ,Гель, 686 ₽,3 690 ₽, -81%,43
Mon Platin DSM / ,Крем, 669 ₽,1 518 ₽, -55%,157
Dr. Sea / ,Крем, 981 ₽,4 220 ₽, -76%,116
GIGI / ,Крем, 3 931 ₽,5 155 ₽, -23%,6
COCOCHOCO / ,Шампунь, 1 324 ₽,2 582 ₽, -48%,65
GIGI / ,Крем, 5 336 ₽,6 751 ₽, -20%,8
SeaCare / ,Косметический набор для ухода, 1 352 ₽,7 390 ₽, -81%,33
Mon Platin DSM / ,Масло, 612 ₽,1 470 ₽, -58%,239
SeaCare / ,Косметический набор для ухода, 1 571 ₽,8 590 ₽, -81%,51
SeaCare / ,Косметический набор для ухода, 1 571 ₽,8 590 ₽, -81%,32
Mon Platin DSM / ,Соль для ванн, 463 ₽,1 183 ₽, -60%,175
SeaCare / ,Гель, 444 ₽,2 390 ₽, -81%,473
GIGI / ,Крем, 2 996 ₽,3 978 ₽, -24%,44
Dr. Sea / ,Маска косметическая, 1 053 ₽,5 200 ₽, -79%,43
SeaCare / ,Гель, 444 ₽,2 390 ₽, -81%,13
GIGI / ,Косметический набор для ухода, 8 315 ₽,10 644 ₽, -21%,18
GIGI / ,Маска косметическая, 2 667 ₽,3 554 ₽, -24%,48
SeaCare / ,Крем, 742 ₽,3 990 ₽, -81%,116
Mon Platin DSM / ,Дезодорант женский/для тела/от пота/стик, 404 ₽,970 ₽, -58%,231
SeaCare / ,Дезодорант мужской/шариковый/антибактериальный/без алюминия, 463 ₽,2 490 ₽, -81%,2
Mon Platin DSM / ,Шампунь, 689 ₽,1 760 ₽, -60%,192
GIGI / ,Крем, 3 624 ₽,5 128 ₽, -29%,27
Fresh Look / ,Дезодорант женский/шариковый, 1 140 ₽,1 408 ₽, -19%,51
DR.MUD / ,Косметический набор для ухода, 1 559 ₽,3 145 ₽, -50%,7
GIGI / ,Мыло косметическое, 2 650 ₽,3 445 ₽, -23%,20
SeaCare / ,Косметический набор для ухода, 1 096 ₽,5 990 ₽, -81%,89
inspired / ,Пилинг кислотный/осветляются пигментные пятна/пилинг лица, 1 536 ₽,7 350 ₽, -79%,15
SeaCare / ,Косметический набор для ухода, 1 242 ₽,6 790 ₽, -81%,166
SeaCare / ,Крем, 835 ₽,4 490 ₽, -81%,61
SeaCare / ,Крем, 425 ₽,2 290 ₽, -81%,44
GIGI / ,Крем, 4 374 ₽,5 807 ₽, -24%,27
GIGI / ,Лосьон, 2 345 ₽,3 125 ₽, -24%,31
SeaCare / ,Дезодорант женский/шариковый/антибактериальный/без алюминия, 522 ₽,2 490 ₽, -79%,3
Health & Beauty / ,Шампунь, 907 ₽,1 210 ₽, -25%,49
SeaCare / ,Сыворотка, 686 ₽,3 690 ₽, -81%,469
GIGI / ,Крем, 3 029 ₽,4 123 ₽, -26%,40
SeaCare / ,Шампунь, 611 ₽,3 290 ₽, -81%,126
SeaCare / ,Крем, 742 ₽,3 990 ₽, -81%,37
SeaCare / ,Сыворотка, 1 114 ₽,5 990 ₽, -81%,346
GIGI / ,CC-крем, 3 940 ₽,5 364 ₽, -26%,18
SEAMANTIKA / ,Косметический набор для ухода, 684 ₽,1 529 ₽, -55%,15
COCOCHOCO / ,Кондиционер для волос, 1 564 ₽,3 050 ₽, -48%,23
Mon Platin DSM / ,Дезодорант женский/стик, 406 ₽,1 038 ₽, -60%,134
SeaCare / ,Косметический набор для ухода, 3 600 ₽,20 690 ₽, -82%,15
GIGI / ,Крем, 3 596 ₽,4 834 ₽, -25%,22
Dr. Sea / ,Крем, 1 128 ₽,8 400 ₽, -86%,65
SeaCare / ,Косметический набор для ухода, 894 ₽,4 890 ₽, -81%,75
AHAVA / ,Крем, 1 893 ₽,2 848 ₽, -33%,55
SeaCare / ,Косметический набор для ухода, 3 478 ₽,19 990 ₽, -82%,12
GIGI / ,Гель, 4 107 ₽,5 386 ₽, -23%,18
SeaCare / ,Лосьон, 649 ₽,3 490 ₽, -81%,17
Mon Platin DSM / ,Дезодорант мужской/от пота/антибактериальное действие/стик/без алюминия и спирта/без алюминия, 381 ₽,974 ₽, -60%,74
Lefami / ,Сыворотка / сыворотка для лица / от акне / против прыщей / от угрей / Acne Remover / 30мл, 1 292 ₽,2 340 ₽, -44%,42
SeaCare / ,Крем, 1 110 ₽,5 290 ₽, -79%,981
SeaCare / ,Крем, 900 ₽,4 290 ₽, -79%,757
SeaCare / ,Крем, 797 ₽,4 290 ₽, -81%,1119
SeaCare / ,Крем, 797 ₽,4 290 ₽, -81%,1005
SeaCare / ,Крем, 384 ₽,2 290 ₽, -83%,1322
SeaCare / ,Лосьон, 649 ₽,3 490 ₽, -81%,848
SeaCare / ,Крем, 774 ₽,3 690 ₽, -79%,923
SeaCare / ,Косметический набор для ухода, 2 320 ₽,12 890 ₽, -82%,325
SeaCare / ,Масло, 537 ₽,2 890 ₽, -81%,793
SeaCare / ,Сыворотка, 983 ₽,5 290 ₽, -81%,712
SeaCare / ,Косметический набор для ухода, 1 752 ₽,8 590 ₽, -79%,213
SeaCare / ,Сыворотка, 797 ₽,4 290 ₽, -81%,660
SeaCare / ,Косметический набор для ухода, 3 217 ₽,18 490 ₽, -82%,56
SeaCare / ,Крем, 686 ₽,3 690 ₽, -81%,620
SeaCare / ,Косметический набор для ухода, 2 860 ₽,15 890 ₽, -82%,152
SeaCare / ,Косметический набор для ухода, 3 290 ₽,17 190 ₽, -80%,145
GIGI / ,Крем, 3 321 ₽,4 464 ₽, -25%,38
SeaCare / ,Маска косметическая, 463 ₽,2 490 ₽, -81%,477
SeaCare / ,Бальзам после бритья, 649 ₽,3 490 ₽, -81%,242
SeaCare / ,Крем, 686 ₽,3 690 ₽, -81%,184
SeaCare / ,Скраб, 574 ₽,3 090 ₽, -81%,603
SeaCare / ,Скраб, 463 ₽,2 490 ₽, -81%,795
GIGI / ,Крем, 2 652 ₽,3 580 ₽, -25%,62
SeaCare / ,Косметический набор для ухода, 1 937 ₽,10 590 ₽, -81%,188
SeaCare / ,Сыворотка, 686 ₽,3 690 ₽, -81%,502
SeaCare / ,Крем, 797 ₽,4 290 ₽, -81%,183
SeaCare / ,Крем, 686 ₽,3 690 ₽, -81%,410
GIGI / ,Крем, 2 778 ₽,4 006 ₽, -30%,61
SeaCare / ,Сыворотка, 797 ₽,4 290 ₽, -81%,466
SeaCare / ,Косметический набор для ухода, 1 242 ₽,6 790 ₽, -81%,184
SeaCare / ,Косметический набор для ухода, 839 ₽,4 590 ₽, -81%,241
SeaCare / ,Косметический набор для ухода, 1 852 ₽,10 290 ₽, -82%,97
SeaCare / ,Сыворотка, 742 ₽,3 990 ₽, -81%,73
SeaCare / ,Маска косметическая, 983 ₽,5 290 ₽, -81%,181
SeaCare / ,Косметический набор для ухода, 1 996 ₽,11 090 ₽, -82%,150
GIGI / ,Тоник, 2 163 ₽,2 958 ₽, -26%,61
SeaCare / ,Косметический набор для ухода, 2 617 ₽,14 790 ₽, -82%,57
GIGI / ,Крем, 3 624 ₽,5 128 ₽, -29%,16
SeaCare / ,Шампунь, 611 ₽,3 290 ₽, -81%,583
Fresh Look / ,Дезодорант универсальный/шариковый, 1 140 ₽,1 408 ₽, -19%,50
GIGI / ,Мыло косметическое, 3 219 ₽,4 555 ₽, -29%,21
AHAVA / ,Крем, 968 ₽,1 199 ₽, -19%,120
GIGI / ,Маска косметическая, 2 610 ₽,3 523 ₽, -25%,46
SeaCare / ,Крем, 425 ₽,2 290 ₽, -81%,196
SeaCare / ,Крем, 742 ₽,3 990 ₽, -81%,79
SeaCare / ,Скраб, 522 ₽,2 490 ₽, -79%,12
SeaCare / ,Косметический набор для ухода, 2 320 ₽,12 890 ₽, -82%,145
SeaCare / ,Гель, 649 ₽,3 490 ₽, -81%,9
SeaCare / ,Гель, 686 ₽,3 690 ₽, -81%,43
Mon Platin DSM / ,Крем, 669 ₽,1 518 ₽, -55%,157
Dr. Sea / ,Крем, 981 ₽,4 220 ₽, -76%,116
GIGI / ,Крем, 3 931 ₽,5 155 ₽, -23%,6
COCOCHOCO / ,Шампунь, 1 324 ₽,2 582 ₽, -48%,65
GIGI / ,Крем, 5 336 ₽,6 751 ₽, -20%,8
SeaCare / ,Косметический набор для ухода, 1 352 ₽,7 390 ₽, -81%,33
Mon Platin DSM / ,Масло, 612 ₽,1 470 ₽, -58%,239
SeaCare / ,Косметический набор для ухода, 1 571 ₽,8 590 ₽, -81%,51
SeaCare / ,Косметический набор для ухода, 1 571 ₽,8 590 ₽, -81%,32
Mon Platin DSM / ,Соль для ванн, 463 ₽,1 183 ₽, -60%,175
SeaCare / ,Гель, 444 ₽,2 390 ₽, -81%,473
GIGI / ,Крем, 2 996 ₽,3 978 ₽, -24%,44
Dr. Sea / ,Маска косметическая, 1 053 ₽,5 200 ₽, -79%,43
SeaCare / ,Гель, 444 ₽,2 390 ₽, -81%,13
GIGI / ,Косметический набор для ухода, 8 315 ₽,10 644 ₽, -21%,18
GIGI / ,Маска косметическая, 2 667 ₽,3 554 ₽, -24%,48
SeaCare / ,Крем, 742 ₽,3 990 ₽, -81%,116
Mon Platin DSM / ,Дезодорант женский/для тела/от пота/стик, 404 ₽,970 ₽, -58%,231
SeaCare / ,Дезодорант мужской/шариковый/антибактериальный/без алюминия, 463 ₽,2 490 ₽, -81%,2
Mon Platin DSM / ,Шампунь, 689 ₽,1 760 ₽, -60%,192
GIGI / ,Крем, 3 624 ₽,5 128 ₽, -29%,27
Fresh Look / ,Дезодорант женский/шариковый, 1 140 ₽,1 408 ₽, -19%,51
DR.MUD / ,Косметический набор для ухода, 1 559 ₽,3 145 ₽, -50%,7
GIGI / ,Мыло косметическое, 2 650 ₽,3 445 ₽, -23%,20
SeaCare / ,Косметический набор для ухода, 1 096 ₽,5 990 ₽, -81%,89
inspired / ,Пилинг кислотный/осветляются пигментные пятна/пилинг лица, 1 536 ₽,7 350 ₽, -79%,15
SeaCare / ,Косметический набор для ухода, 1 242 ₽,6 790 ₽, -81%,166
SeaCare / ,Крем, 835 ₽,4 490 ₽, -81%,61
SeaCare / ,Крем, 425 ₽,2 290 ₽, -81%,44
GIGI / ,Крем, 4 374 ₽,5 807 ₽, -24%,27
GIGI / ,Лосьон, 2 345 ₽,3 125 ₽, -24%,31
SeaCare / ,Дезодорант женский/шариковый/антибактериальный/без алюминия, 522 ₽,2 490 ₽, -79%,3
Health & Beauty / ,Шампунь, 907 ₽,1 210 ₽, -25%,49
SeaCare / ,Сыворотка, 686 ₽,3 690 ₽, -81%,469
GIGI / ,Крем, 3 029 ₽,4 123 ₽, -26%,40
SeaCare / ,Шампунь, 611 ₽,3 290 ₽, -81%,126
SeaCare / ,Крем, 742 ₽,3 990 ₽, -81%,37
SeaCare / ,Сыворотка, 1 114 ₽,5 990 ₽, -81%,346
GIGI / ,CC-крем, 3 940 ₽,5 364 ₽, -26%,18
SEAMANTIKA / ,Косметический набор для ухода, 684 ₽,1 529 ₽, -55%,15
COCOCHOCO / ,Кондиционер для волос, 1 564 ₽,3 050 ₽, -48%,23
Mon Platin DSM / ,Дезодорант женский/стик, 406 ₽,1 038 ₽, -60%,134
SeaCare / ,Косметический набор для ухода, 3 600 ₽,20 690 ₽, -82%,15
GIGI / ,Крем, 3 596 ₽,4 834 ₽, -25%,22
Dr. Sea / ,Крем, 1 128 ₽,8 400 ₽, -86%,65
SeaCare / ,Косметический набор для ухода, 894 ₽,4 890 ₽, -81%,75
AHAVA / ,Крем, 1 893 ₽,2 848 ₽, -33%,55
SeaCare / ,Косметический набор для ухода, 3 478 ₽,19 990 ₽, -82%,12
GIGI / ,Гель, 4 107 ₽,5 386 ₽, -23%,18
SeaCare / ,Лосьон, 649 ₽,3 490 ₽, -81%,17
Mon Platin DSM / ,Дезодорант мужской/от пота/антибактериальное действие/стик/без алюминия и спирта/без алюминия, 381 ₽,974 ₽, -60%,74
Lefami / ,Сыворотка / сыворотка для лица / от акне / против прыщей / от угрей / Acne Remover / 30мл, 1 292 ₽,2 340 ₽, -44%,42
SeaCare / ,Крем, 1 110 ₽,5 290 ₽, -79%,981
SeaCare / ,Крем, 900 ₽,4 290 ₽, -79%,757
SeaCare / ,Крем, 797 ₽,4 290 ₽, -81%,1119
SeaCare / ,Крем, 797 ₽,4 290 ₽, -81%,1005
SeaCare / ,Крем, 384 ₽,2 290 ₽, -83%,1322
SeaCare / ,Лосьон, 649 ₽,3 490 ₽, -81%,848
SeaCare / ,Крем, 774 ₽,3 690 ₽, -79%,923
SeaCare / ,Косметический набор для ухода, 2 320 ₽,12 890 ₽, -82%,325
SeaCare / ,Масло, 537 ₽,2 890 ₽, -81%,793
SeaCare / ,Сыворотка, 983 ₽,5 290 ₽, -81%,712
SeaCare / ,Косметический набор для ухода, 1 752 ₽,8 590 ₽, -79%,213
SeaCare / ,Сыворотка, 797 ₽,4 290 ₽, -81%,660
SeaCare / ,Косметический набор для ухода, 3 217 ₽,18 490 ₽, -82%,56
SeaCare / ,Крем, 686 ₽,3 690 ₽, -81%,620
SeaCare / ,Косметический набор для ухода, 2 860 ₽,15 890 ₽, -82%,152
SeaCare / ,Косметический набор для ухода, 3 290 ₽,17 190 ₽, -80%,145
GIGI / ,Крем, 3 321 ₽,4 464 ₽, -25%,38
SeaCare / ,Маска косметическая, 463 ₽,2 490 ₽, -81%,477
SeaCare / ,Бальзам после бритья, 649 ₽,3 490 ₽, -81%,242
SeaCare / ,Крем, 686 ₽,3 690 ₽, -81%,184
SeaCare / ,Скраб, 574 ₽,3 090 ₽, -81%,603
SeaCare / ,Скраб, 463 ₽,2 490 ₽, -81%,795
GIGI / ,Крем, 2 652 ₽,3 580 ₽, -25%,62
SeaCare / ,Косметический набор для ухода, 1 937 ₽,10 590 ₽, -81%,188
SeaCare / ,Сыворотка, 686 ₽,3 690 ₽, -81%,502
SeaCare / ,Крем, 797 ₽,4 290 ₽, -81%,183
SeaCare / ,Крем, 686 ₽,3 690 ₽, -81%,410
GIGI / ,Крем, 2 778 ₽,4 006 ₽, -30%,61
SeaCare / ,Сыворотка, 797 ₽,4 290 ₽, -81%,466
SeaCare / ,Косметический набор для ухода, 1 242 ₽,6 790 ₽, -81%,184
SeaCare / ,Косметический набор для ухода, 839 ₽,4 590 ₽, -81%,241
SeaCare / ,Косметический набор для ухода, 1 852 ₽,10 290 ₽, -82%,97
SeaCare / ,Сыворотка, 742 ₽,3 990 ₽, -81%,73
SeaCare / ,Маска косметическая, 983 ₽,5 290 ₽, -81%,181
SeaCare / ,Косметический набор для ухода, 1 996 ₽,11 090 ₽, -82%,150
GIGI / ,Тоник, 2 163 ₽,2 958 ₽, -26%,61
SeaCare / ,Косметический набор для ухода, 2 617 ₽,14 790 ₽, -82%,57
GIGI / ,Крем, 3 624 ₽,5 128 ₽, -29%,16
SeaCare / ,Шампунь, 611 ₽,3 290 ₽, -81%,583
Fresh Look / ,Дезодорант универсальный/шариковый, 1 140 ₽,1 408 ₽, -19%,50
GIGI / ,Мыло косметическое, 3 219 ₽,4 555 ₽, -29%,21
AHAVA / ,Крем, 968 ₽,1 199 ₽, -19%,120
GIGI / ,Маска косметическая, 2 610 ₽,3 523 ₽, -25%,46
SeaCare / ,Крем, 425 ₽,2 290 ₽, -81%,196
SeaCare / ,Крем, 742 ₽,3 990 ₽, -81%,79
SeaCare / ,Скраб, 522 ₽,2 490 ₽, -79%,12
SeaCare / ,Косметический набор для ухода, 2 320 ₽,12 890 ₽, -82%,145
SeaCare / ,Гель, 649 ₽,3 490 ₽, -81%,9
SeaCare / ,Гель, 686 ₽,3 690 ₽, -81%,43
Mon Platin DSM / ,Крем, 669 ₽,1 518 ₽, -55%,157
Dr. Sea / ,Крем, 981 ₽,4 220 ₽, -76%,116
GIGI / ,Крем, 3 931 ₽,5 155 ₽, -23%,6
COCOCHOCO / ,Шампунь, 1 324 ₽,2 582 ₽, -48%,65
GIGI / ,Крем, 5 336 ₽,6 751 ₽, -20%,8
SeaCare / ,Косметический набор для ухода, 1 352 ₽,7 390 ₽, -81%,33
Mon Platin DSM / ,Масло, 612 ₽,1 470 ₽, -58%,239
SeaCare / ,Косметический набор для ухода, 1 571 ₽,8 590 ₽, -81%,51
SeaCare / ,Косметический набор для ухода, 1 571 ₽,8 590 ₽, -81%,32
Mon Platin DSM / ,Соль для ванн, 463 ₽,1 183 ₽, -60%,175
SeaCare / ,Гель, 444 ₽,2 390 ₽, -81%,473
GIGI / ,Крем, 2 996 ₽,3 978 ₽, -24%,44
Dr. Sea / ,Маска косметическая, 1 053 ₽,5 200 ₽, -79%,43
SeaCare / ,Гель, 444 ₽,2 390 ₽, -81%,13
GIGI / ,Косметический набор для ухода, 8 315 ₽,10 644 ₽, -21%,18
GIGI / ,Маска косметическая, 2 667 ₽,3 554 ₽, -24%,48
SeaCare / ,Крем, 742 ₽,3 990 ₽, -81%,116
Mon Platin DSM / ,Дезодорант женский/для тела/от пота/стик, 404 ₽,970 ₽, -58%,231
SeaCare / ,Дезодорант мужской/шариковый/антибактериальный/без алюминия, 463 ₽,2 490 ₽, -81%,2
Mon Platin DSM / ,Шампунь, 689 ₽,1 760 ₽, -60%,192
GIGI / ,Крем, 3 624 ₽,5 128 ₽, -29%,27
Fresh Look / ,Дезодорант женский/шариковый, 1 140 ₽,1 408 ₽, -19%,51
DR.MUD / ,Косметический набор для ухода, 1 559 ₽,3 145 ₽, -50%,7
GIGI / ,Мыло косметическое, 2 650 ₽,3 445 ₽, -23%,20
SeaCare / ,Косметический набор для ухода, 1 096 ₽,5 990 ₽, -81%,89
inspired / ,Пилинг кислотный/осветляются пигментные пятна/пилинг лица, 1 536 ₽,7 350 ₽, -79%,15
SeaCare / ,Косметический набор для ухода, 1 242 ₽,6 790 ₽, -81%,166
SeaCare / ,Крем, 835 ₽,4 490 ₽, -81%,61
SeaCare / ,Крем, 425 ₽,2 290 ₽, -81%,44
GIGI / ,Крем, 4 374 ₽,5 807 ₽, -24%,27
GIGI / ,Лосьон, 2 345 ₽,3 125 ₽, -24%,31
SeaCare / ,Дезодорант женский/шариковый/антибактериальный/без алюминия, 522 ₽,2 490 ₽, -79%,3
Health & Beauty / ,Шампунь, 907 ₽,1 210 ₽, -25%,49
SeaCare / ,Сыворотка, 686 ₽,3 690 ₽, -81%,469
GIGI / ,Крем, 3 029 ₽,4 123 ₽, -26%,40
SeaCare / ,Шампунь, 611 ₽,3 290 ₽, -81%,126
SeaCare / ,Крем, 742 ₽,3 990 ₽, -81%,37
SeaCare / ,Сыворотка, 1 114 ₽,5 990 ₽, -81%,346
GIGI / ,CC-крем, 3 940 ₽,5 364 ₽, -26%,18
SEAMANTIKA / ,Косметический набор для ухода, 684 ₽,1 529 ₽, -55%,15
COCOCHOCO / ,Кондиционер для волос, 1 564 ₽,3 050 ₽, -48%,23
Mon Platin DSM / ,Дезодорант женский/стик, 406 ₽,1 038 ₽, -60%,134
SeaCare / ,Косметический набор для ухода, 3 600 ₽,20 690 ₽, -82%,15
GIGI / ,Крем, 3 596 ₽,4 834 ₽, -25%,22
Dr. Sea / ,Крем, 1 128 ₽,8 400 ₽, -86%,65
SeaCare / ,Косметический набор для ухода, 894 ₽,4 890 ₽, -81%,75
AHAVA / ,Крем, 1 893 ₽,2 848 ₽, -33%,55
SeaCare / ,Косметический набор для ухода, 3 478 ₽,19 990 ₽, -82%,12
GIGI / ,Гель, 4 107 ₽,5 386 ₽, -23%,18
SeaCare / ,Лосьон, 649 ₽,3 490 ₽, -81%,17
Mon Platin DSM / ,Дезодорант мужской/от пота/антибактериальное действие/стик/без алюминия и спирта/без алюминия, 381 ₽,974 ₽, -60%,74
Lefami / ,Сыворотка / сыворотка для лица / от акне / против прыщей / от угрей / Acne Remover / 30мл, 1 292 ₽,2 340 ₽, -44%,42
SeaCare / ,Крем, 1 110 ₽,5 290 ₽, -79%,981
SeaCare / ,Крем, 900 ₽,4 290 ₽, -79%,757
SeaCare / ,Крем, 797 ₽,4 290 ₽, -81%,1119
SeaCare / ,Крем, 797 ₽,4 290 ₽, -81%,1005
SeaCare / ,Крем, 384 ₽,2 290 ₽, -83%,1322
SeaCare / ,Лосьон, 649 ₽,3 490 ₽, -81%,848
SeaCare / ,Крем, 774 ₽,3 690 ₽, -79%,923
SeaCare / ,Косметический набор для ухода, 2 320 ₽,12 890 ₽, -82%,325
SeaCare / ,Масло, 537 ₽,2 890 ₽, -81%,793
SeaCare / ,Сыворотка, 983 ₽,5 290 ₽, -81%,712
SeaCare / ,Косметический набор для ухода, 1 752 ₽,8 590 ₽, -79%,213
SeaCare / ,Сыворотка, 797 ₽,4 290 ₽, -81%,660
SeaCare / ,Косметический набор для ухода, 3 217 ₽,18 490 ₽, -82%,56
SeaCare / ,Крем, 686 ₽,3 690 ₽, -81%,620
SeaCare / ,Косметический набор для ухода, 2 860 ₽,15 890 ₽, -82%,152
SeaCare / ,Косметический набор для ухода, 3 290 ₽,17 190 ₽, -80%,145
GIGI / ,Крем, 3 321 ₽,4 464 ₽, -25%,38
SeaCare / ,Маска косметическая, 463 ₽,2 490 ₽, -81%,477
SeaCare / ,Бальзам после бритья, 649 ₽,3 490 ₽, -81%,242
SeaCare / ,Крем, 686 ₽,3 690 ₽, -81%,184
SeaCare / ,Скраб, 574 ₽,3 090 ₽, -81%,603
SeaCare / ,Скраб, 463 ₽,2 490 ₽, -81%,795
GIGI / ,Крем, 2 652 ₽,3 580 ₽, -25%,62
SeaCare / ,Косметический набор для ухода, 1 937 ₽,10 590 ₽, -81%,188
SeaCare / ,Сыворотка, 686 ₽,3 690 ₽, -81%,502
SeaCare / ,Крем, 797 ₽,4 290 ₽, -81%,183
SeaCare / ,Крем, 686 ₽,3 690 ₽, -81%,410
GIGI / ,Крем, 2 778 ₽,4 006 ₽, -30%,61
SeaCare / ,Сыворотка, 797 ₽,4 290 ₽, -81%,466
SeaCare / ,Косметический набор для ухода, 1 242 ₽,6 790 ₽, -81%,184
SeaCare / ,Косметический набор для ухода, 839 ₽,4 590 ₽, -81%,241
SeaCare / ,Косметический набор для ухода, 1 852 ₽,10 290 ₽, -82%,97
SeaCare / ,Сыворотка, 742 ₽,3 990 ₽, -81%,73
SeaCare / ,Маска косметическая, 983 ₽,5 290 ₽, -81%,181
SeaCare / ,Косметический набор для ухода, 1 996 ₽,11 090 ₽, -82%,150
GIGI / ,Тоник, 2 163 ₽,2 958 ₽, -26%,61
SeaCare / ,Косметический набор для ухода, 2 617 ₽,14 790 ₽, -82%,57
GIGI / ,Крем, 3 624 ₽,5 128 ₽, -29%,16
SeaCare / ,Шампунь, 611 ₽,3 290 ₽, -81%,583
Fresh Look / ,Дезодорант универсальный/шариковый, 1 140 ₽,1 408 ₽, -19%,50
GIGI / ,Мыло косметическое, 3 219 ₽,4 555 ₽, -29%,21
AHAVA / ,Крем, 968 ₽,1 199 ₽, -19%,120
GIGI / ,Маска косметическая, 2 610 ₽,3 523 ₽, -25%,46
SeaCare / ,Крем, 425 ₽,2 290 ₽, -81%,196
SeaCare / ,Крем, 742 ₽,3 990 ₽, -81%,79
SeaCare / ,Скраб, 522 ₽,2 490 ₽, -79%,12
SeaCare / ,Косметический набор для ухода, 2 320 ₽,12 890 ₽, -82%,145
SeaCare / ,Гель, 649 ₽,3 490 ₽, -81%,9
SeaCare / ,Гель, 686 ₽,3 690 ₽, -81%,43
Mon Platin DSM / ,Крем, 669 ₽,1 518 ₽, -55%,157
Dr. Sea / ,Крем, 981 ₽,4 220 ₽, -76%,116
GIGI / ,Крем, 3 931 ₽,5 155 ₽, -23%,6
COCOCHOCO / ,Шампунь, 1 324 ₽,2 582 ₽, -48%,65
GIGI / ,Крем, 5 336 ₽,6 751 ₽, -20%,8
SeaCare / ,Косметический набор для ухода, 1 352 ₽,7 390 ₽, -81%,33
Mon Platin DSM / ,Масло, 612 ₽,1 470 ₽, -58%,239
SeaCare / ,Косметический набор для ухода, 1 571 ₽,8 590 ₽, -81%,51
SeaCare / ,Косметический набор для ухода, 1 571 ₽,8 590 ₽, -81%,32
Mon Platin DSM / ,Соль для ванн, 463 ₽,1 183 ₽, -60%,175
SeaCare / ,Гель, 444 ₽,2 390 ₽, -81%,473
GIGI / ,Крем, 2 996 ₽,3 978 ₽, -24%,44
Dr. Sea / ,Маска косметическая, 1 053 ₽,5 200 ₽, -79%,43
SeaCare / ,Гель, 444 ₽,2 390 ₽, -81%,13
GIGI / ,Косметический набор для ухода, 8 315 ₽,10 644 ₽, -21%,18
GIGI / ,Маска косметическая, 2 667 ₽,3 554 ₽, -24%,48
SeaCare / ,Крем, 742 ₽,3 990 ₽, -81%,116
Mon Platin DSM / ,Дезодорант женский/для тела/от пота/стик, 404 ₽,970 ₽, -58%,231
SeaCare / ,Дезодорант мужской/шариковый/антибактериальный/без алюминия, 463 ₽,2 490 ₽, -81%,2
Mon Platin DSM / ,Шампунь, 689 ₽,1 760 ₽, -60%,192
GIGI / ,Крем, 3 624 ₽,5 128 ₽, -29%,27
Fresh Look / ,Дезодорант женский/шариковый, 1 140 ₽,1 408 ₽, -19%,51
DR.MUD / ,Косметический набор для ухода, 1 559 ₽,3 145 ₽, -50%,7
GIGI / ,Мыло косметическое, 2 650 ₽,3 445 ₽, -23%,20
SeaCare / ,Косметический набор для ухода, 1 096 ₽,5 990 ₽, -81%,89
inspired / ,Пилинг кислотный/осветляются пигментные пятна/пилинг лица, 1 536 ₽,7 350 ₽, -79%,15
SeaCare / ,Косметический набор для ухода, 1 242 ₽,6 790 ₽, -81%,166
SeaCare / ,Крем, 835 ₽,4 490 ₽, -81%,61
SeaCare / ,Крем, 425 ₽,2 290 ₽, -81%,44
GIGI / ,Крем, 4 374 ₽,5 807 ₽, -24%,27
GIGI / ,Лосьон, 2 345 ₽,3 125 ₽, -24%,31
SeaCare / ,Дезодорант женский/шариковый/антибактериальный/без алюминия, 522 ₽,2 490 ₽, -79%,3
Health & Beauty / ,Шампунь, 907 ₽,1 210 ₽, -25%,49
SeaCare / ,Сыворотка, 686 ₽,3 690 ₽, -81%,469
GIGI / ,Крем, 3 029 ₽,4 123 ₽, -26%,40
SeaCare / ,Шампунь, 611 ₽,3 290 ₽, -81%,126
SeaCare / ,Крем, 742 ₽,3 990 ₽, -81%,37
SeaCare / ,Сыворотка, 1 114 ₽,5 990 ₽, -81%,346
GIGI / ,CC-крем, 3 940 ₽,5 364 ₽, -26%,18
SEAMANTIKA / ,Косметический набор для ухода, 684 ₽,1 529 ₽, -55%,15
COCOCHOCO / ,Кондиционер для волос, 1 564 ₽,3 050 ₽, -48%,23
Mon Platin DSM / ,Дезодорант женский/стик, 406 ₽,1 038 ₽, -60%,134
SeaCare / ,Косметический набор для ухода, 3 600 ₽,20 690 ₽, -82%,15
GIGI / ,Крем, 3 596 ₽,4 834 ₽, -25%,22
Dr. Sea / ,Крем, 1 128 ₽,8 400 ₽, -86%,65
SeaCare / ,Косметический набор для ухода, 894 ₽,4 890 ₽, -81%,75
AHAVA / ,Крем, 1 893 ₽,2 848 ₽, -33%,55
SeaCare / ,Косметический набор для ухода, 3 478 ₽,19 990 ₽, -82%,12
GIGI / ,Гель, 4 107 ₽,5 386 ₽, -23%,18
SeaCare / ,Лосьон, 649 ₽,3 490 ₽, -81%,17
Mon Platin DSM / ,Дезодорант мужской/от пота/антибактериальное действие/стик/без алюминия и спирта/без алюминия, 381 ₽,974 ₽, -60%,74
Lefami / ,Сыворотка / сыворотка для лица / от акне / против прыщей / от угрей / Acne Remover / 30мл, 1 292 ₽,2 340 ₽, -44%,42
SeaCare / ,Крем, 1 110 ₽,5 290 ₽, -79%,981
SeaCare / ,Крем, 900 ₽,4 290 ₽, -79%,757
SeaCare / ,Крем, 797 ₽,4 290 ₽, -81%,1119
SeaCare / ,Крем, 797 ₽,4 290 ₽, -81%,1005
SeaCare / ,Крем, 384 ₽,2 290 ₽, -83%,1322
SeaCare / ,Лосьон, 649 ₽,3 490 ₽, -81%,848
SeaCare / ,Крем, 774 ₽,3 690 ₽, -79%,923
SeaCare / ,Косметический набор для ухода, 2 320 ₽,12 890 ₽, -82%,325
SeaCare / ,Масло, 537 ₽,2 890 ₽, -81%,793
SeaCare / ,Сыворотка, 983 ₽,5 290 ₽, -81%,712
SeaCare / ,Косметический набор для ухода, 1 752 ₽,8 590 ₽, -79%,213
SeaCare / ,Сыворотка, 797 ₽,4 290 ₽, -81%,660
SeaCare / ,Косметический набор для ухода, 3 217 ₽,18 490 ₽, -82%,56
SeaCare / ,Крем, 686 ₽,3 690 ₽, -81%,620
SeaCare / ,Косметический набор для ухода, 2 860 ₽,15 890 ₽, -82%,152
SeaCare / ,Косметический набор для ухода, 3 290 ₽,17 190 ₽, -80%,145
GIGI / ,Крем, 3 321 ₽,4 464 ₽, -25%,38
SeaCare / ,Маска косметическая, 463 ₽,2 490 ₽, -81%,477
SeaCare / ,Бальзам после бритья, 649 ₽,3 490 ₽, -81%,242
SeaCare / ,Крем, 686 ₽,3 690 ₽, -81%,184
SeaCare / ,Скраб, 574 ₽,3 090 ₽, -81%,603
SeaCare / ,Скраб, 463 ₽,2 490 ₽, -81%,795
GIGI / ,Крем, 2 652 ₽,3 580 ₽, -25%,62
SeaCare / ,Косметический набор для ухода, 1 937 ₽,10 590 ₽, -81%,188
SeaCare / ,Сыворотка, 686 ₽,3 690 ₽, -81%,502
SeaCare / ,Крем, 797 ₽,4 290 ₽, -81%,183
SeaCare / ,Крем, 686 ₽,3 690 ₽, -81%,410
GIGI / ,Крем, 2 778 ₽,4 006 ₽, -30%,61
SeaCare / ,Сыворотка, 797 ₽,4 290 ₽, -81%,466
SeaCare / ,Косметический набор для ухода, 1 242 ₽,6 790 ₽, -81%,184
SeaCare / ,Косметический набор для ухода, 839 ₽,4 590 ₽, -81%,241
SeaCare / ,Косметический набор для ухода, 1 852 ₽,10 290 ₽, -82%,97
SeaCare / ,Сыворотка, 742 ₽,3 990 ₽, -81%,73
SeaCare / ,Маска косметическая, 983 ₽,5 290 ₽, -81%,181
SeaCare / ,Косметический набор для ухода, 1 996 ₽,11 090 ₽, -82%,150
GIGI / ,Тоник, 2 163 ₽,2 958 ₽, -26%,61
SeaCare / ,Косметический набор для ухода, 2 617 ₽,14 790 ₽, -82%,57
GIGI / ,Крем, 3 624 ₽,5 128 ₽, -29%,16
SeaCare / ,Шампунь, 611 ₽,3 290 ₽, -81%,583
Fresh Look / ,Дезодорант универсальный/шариковый, 1 140 ₽,1 408 ₽, -19%,50
GIGI / ,Мыло косметическое, 3 219 ₽,4 555 ₽, -29%,21
AHAVA / ,Крем, 968 ₽,1 199 ₽, -19%,120
GIGI / ,Маска косметическая, 2 610 ₽,3 523 ₽, -25%,46
SeaCare / ,Крем, 425 ₽,2 290 ₽, -81%,196
SeaCare / ,Крем, 742 ₽,3 990 ₽, -81%,79
SeaCare / ,Скраб, 522 ₽,2 490 ₽, -79%,12
SeaCare / ,Косметический набор для ухода, 2 320 ₽,12 890 ₽, -82%,145
SeaCare / ,Гель, 649 ₽,3 490 ₽, -81%,9
SeaCare / ,Гель, 686 ₽,3 690 ₽, -81%,43
Mon Platin DSM / ,Крем, 669 ₽,1 518 ₽, -55%,157
Dr. Sea / ,Крем, 981 ₽,4 220 ₽, -76%,116
GIGI / ,Крем, 3 931 ₽,5 155 ₽, -23%,6
COCOCHOCO / ,Шампунь, 1 324 ₽,2 582 ₽, -48%,65
GIGI / ,Крем, 5 336 ₽,6 751 ₽, -20%,8
SeaCare / ,Косметический набор для ухода, 1 352 ₽,7 390 ₽, -81%,33
Mon Platin DSM / ,Масло, 612 ₽,1 470 ₽, -58%,239
SeaCare / ,Косметический набор для ухода, 1 571 ₽,8 590 ₽, -81%,51
SeaCare / ,Косметический набор для ухода, 1 571 ₽,8 590 ₽, -81%,32
Mon Platin DSM / ,Соль для ванн, 463 ₽,1 183 ₽, -60%,175
SeaCare / ,Гель, 444 ₽,2 390 ₽, -81%,473
GIGI / ,Крем, 2 996 ₽,3 978 ₽, -24%,44
Dr. Sea / ,Маска косметическая, 1 053 ₽,5 200 ₽, -79%,43
SeaCare / ,Гель, 444 ₽,2 390 ₽, -81%,13
GIGI / ,Косметический набор для ухода, 8 315 ₽,10 644 ₽, -21%,18
GIGI / ,Маска косметическая, 2 667 ₽,3 554 ₽, -24%,48
SeaCare / ,Крем, 742 ₽,3 990 ₽, -81%,116
Mon Platin DSM / ,Дезодорант женский/для тела/от пота/стик, 404 ₽,970 ₽, -58%,231
SeaCare / ,Дезодорант мужской/шариковый/антибактериальный/без алюминия, 463 ₽,2 490 ₽, -81%,2
Mon Platin DSM / ,Шампунь, 689 ₽,1 760 ₽, -60%,192
GIGI / ,Крем, 3 624 ₽,5 128 ₽, -29%,27
Fresh Look / ,Дезодорант женский/шариковый, 1 140 ₽,1 408 ₽, -19%,51
DR.MUD / ,Косметический набор для ухода, 1 559 ₽,3 145 ₽, -50%,7
GIGI / ,Мыло косметическое, 2 650 ₽,3 445 ₽, -23%,20
SeaCare / ,Косметический набор для ухода, 1 096 ₽,5 990 ₽, -81%,89
inspired / ,Пилинг кислотный/осветляются пигментные пятна/пилинг лица, 1 536 ₽,7 350 ₽, -79%,15
SeaCare / ,Косметический набор для ухода, 1 242 ₽,6 790 ₽, -81%,166
SeaCare / ,Крем, 835 ₽,4 490 ₽, -81%,61
SeaCare / ,Крем, 425 ₽,2 290 ₽, -81%,44
GIGI / ,Крем, 4 374 ₽,5 807 ₽, -24%,27
GIGI / ,Лосьон, 2 345 ₽,3 125 ₽, -24%,31
SeaCare / ,Дезодорант женский/шариковый/антибактериальный/без алюминия, 522 ₽,2 490 ₽, -79%,3
Health & Beauty / ,Шампунь, 907 ₽,1 210 ₽, -25%,49
SeaCare / ,Сыворотка, 686 ₽,3 690 ₽, -81%,469
GIGI / ,Крем, 3 029 ₽,4 123 ₽, -26%,40
SeaCare / ,Шампунь, 611 ₽,3 290 ₽, -81%,126
SeaCare / ,Крем, 742 ₽,3 990 ₽, -81%,37
SeaCare / ,Сыворотка, 1 114 ₽,5 990 ₽, -81%,346
GIGI / ,CC-крем, 3 940 ₽,5 364 ₽, -26%,18
SEAMANTIKA / ,Косметический набор для ухода, 684 ₽,1 529 ₽, -55%,15
COCOCHOCO / ,Кондиционер для волос, 1 564 ₽,3 050 ₽, -48%,23
Mon Platin DSM / ,Дезодорант женский/стик, 406 ₽,1 038 ₽, -60%,134
SeaCare / ,Косметический набор для ухода, 3 600 ₽,20 690 ₽, -82%,15
GIGI / ,Крем, 3 596 ₽,4 834 ₽, -25%,22
Dr. Sea / ,Крем, 1 128 ₽,8 400 ₽, -86%,65
SeaCare / ,Косметический набор для ухода, 894 ₽,4 890 ₽, -81%,75
AHAVA / ,Крем, 1 893 ₽,2 848 ₽, -33%,55
SeaCare / ,Косметический набор для ухода, 3 478 ₽,19 990 ₽, -82%,12
GIGI / ,Гель, 4 107 ₽,5 386 ₽, -23%,18
SeaCare / ,Лосьон, 649 ₽,3 490 ₽, -81%,17
Mon Platin DSM / ,Дезодорант мужской/от пота/антибактериальное действие/стик/без алюминия и спирта/без алюминия, 381 ₽,974 ₽, -60%,74
